Rank,Feature,Importance
1,Gene_1967,0.00231799649467093
2,Gene_1978,0.0020629487956700717
3,Gene_1977,0.002047386725208277
4,Gene_1962,0.0020445327131102123
5,Gene_1957,0.001983545254954396
6,Gene_1963,0.0019754155171550023
7,Gene_1987,0.001968319737420527
8,Gene_1991,0.001961919292283779
9,Gene_1954,0.0019572901856300326
10,Gene_1952,0.0019052283453703778
11,Gene_1777,0.0018651982244408778
12,Gene_1951,0.0018640685079531238
13,Gene_1986,0.0017443468999572818
14,Gene_1998,0.0016903104531696335
15,Gene_1979,0.0016603487927760324
16,Gene_1980,0.001641318323175158
17,Gene_1964,0.0015660643074872581
18,Gene_1159,0.0014930703354262432
19,Gene_1973,0.0014770523032044327
20,Gene_1996,0.0014740120153809908
21,Gene_1958,0.0014652670221833876
22,Gene_1975,0.0014510740132568588
23,Gene_1950,0.0014136148837642609
24,Gene_1988,0.0014067938959208056
25,Gene_1800,0.0013937244875887019
26,Gene_979,0.0013899307050668352
27,Gene_1997,0.001380984382949171
28,Gene_737,0.0013748812778747025
29,Gene_1421,0.0013706180180746508
30,Gene_808,0.0013639475102999764
31,Gene_801,0.0013408516563648513
32,Gene_1275,0.0013325478768050959
33,Gene_836,0.0013307828429742076
34,Gene_668,0.0013244188996147646
35,Gene_1282,0.0012481506412362784
36,Gene_1989,0.0012431939742538881
37,Gene_1828,0.0012416188488181602
38,Gene_1994,0.001228449676558538
39,Gene_854,0.0011879404373042147
40,Gene_1535,0.0011760133706810282
41,Gene_1955,0.001175610849457086
42,Gene_1379,0.0011654021120559128
43,Gene_1713,0.001160101754219342
44,Gene_1429,0.0011501191929812673
45,Gene_1992,0.0011308856741619776
46,Gene_1341,0.001130291711816775
47,Gene_1402,0.0011218822984038342
48,Gene_1956,0.0011151601361581549
49,Gene_852,0.0011147204714298722
50,Gene_1584,0.00110673314359092
51,Gene_1017,0.001103461977250299
52,Gene_962,0.0010917321092921662
53,Gene_1489,0.0010894766206454292
54,Gene_1984,0.0010830595433087367
55,Gene_1036,0.001081566388594159
56,Gene_1202,0.0010789892418047089
57,Gene_1220,0.0010652269784929024
58,Gene_1965,0.0010611785981873261
59,Gene_497,0.0010568005590740567
60,Gene_1974,0.0010560728360381627
61,Gene_1993,0.0010457276122974864
62,Gene_1531,0.0010390043161505576
63,Gene_1358,0.001037530806320545
64,Gene_1582,0.0010251802725189997
65,Gene_1976,0.0010157800036226165
66,Gene_073,0.001010870556620172
67,Gene_1418,0.0010063514768573248
68,Gene_1522,0.0010011911116015577
69,Gene_1681,0.000995459543819617
70,Gene_1990,0.0009951570520013227
71,Gene_012,0.0009950643739328508
72,Gene_1961,0.0009944827204883524
73,Gene_926,0.000979679909016473
74,Gene_1487,0.0009771071734624363
75,Gene_1953,0.0009755200148285883
76,Gene_1227,0.0009727400730424839
77,Gene_1604,0.0009721567834578158
78,Gene_1885,0.0009652683094920619
79,Gene_1761,0.0009638844125561721
80,Gene_846,0.0009613941875904753
81,Gene_1498,0.0009571275956419554
82,Gene_1971,0.0009522008773486059
83,Gene_1325,0.0009463291961184475
84,Gene_344,0.0009449375825545894
85,Gene_165,0.000941786669353791
86,Gene_1527,0.0009360583062203789
87,Gene_1124,0.000934525105911703
88,Gene_987,0.0009344915367565583
89,Gene_856,0.0009321049614972174
90,Gene_1775,0.0009264980938384704
91,Gene_1499,0.0009264127335909203
92,Gene_1959,0.0009250462695419577
93,Gene_1558,0.0009248171346159553
94,Gene_1077,0.0009244955334520615
95,Gene_944,0.0009230984958786904
96,Gene_1646,0.0009131219202007725
97,Gene_764,0.0009104136269808445
98,Gene_1196,0.0009098571819586094
99,Gene_651,0.0009095945979648197
100,Gene_1066,0.0009048217195681433
101,Gene_1251,0.0009009778367842075
102,Gene_830,0.0009005924423348921
103,Gene_1210,0.0008996795196258652
104,Gene_439,0.0008971747974453753
105,Gene_1960,0.0008967640407122631
106,Gene_1586,0.0008955769813221111
107,Gene_1406,0.0008950534743763203
108,Gene_1985,0.0008937255661386433
109,Gene_985,0.0008931910119349219
110,Gene_1969,0.0008930698373575636
111,Gene_1444,0.0008930548376904055
112,Gene_1675,0.000888228375984608
113,Gene_1244,0.0008877217422491978
114,Gene_094,0.0008873089416276191
115,Gene_1354,0.0008836250679219486
116,Gene_998,0.0008802375654446493
117,Gene_1024,0.0008787662824989157
118,Gene_1136,0.0008771429133055782
119,Gene_1585,0.0008712289242491522
120,Gene_716,0.0008711709887788924
121,Gene_1565,0.0008691472482452077
122,Gene_365,0.0008671796887147705
123,Gene_1092,0.0008670991341841911
124,Gene_581,0.0008645724771096034
125,Gene_1076,0.0008635524422518953
126,Gene_1482,0.0008608717507934547
127,Gene_432,0.000854055052721337
128,Gene_1852,0.0008522364776083203
129,Gene_1972,0.0008521788590576405
130,Gene_490,0.0008516274204410545
131,Gene_454,0.0008480750666708278
132,Gene_965,0.0008442347071044093
133,Gene_1021,0.0008416618357462934
134,Gene_748,0.0008410863456404026
135,Gene_1125,0.0008396926693130899
136,Gene_1786,0.0008365932416057043
137,Gene_929,0.0008357283899219081
138,Gene_992,0.0008353256153122218
139,Gene_1182,0.0008342345101377824
140,Gene_1129,0.0008321234359735906
141,Gene_214,0.0008304233111501192
142,Gene_448,0.000829548100308048
143,Gene_1127,0.0008274902459792997
144,Gene_1495,0.000825629931861042
145,Gene_1185,0.0008248896243045442
146,Gene_1351,0.0008218498089028514
147,Gene_1055,0.0008207524512194353
148,Gene_452,0.0008203696414565126
149,Gene_129,0.000819954975328495
150,Gene_1356,0.0008181097608870644
151,Gene_1401,0.0008179357199832489
152,Gene_1524,0.0008139910406002726
153,Gene_1790,0.0008139368703536174
154,Gene_1983,0.0008134213429743229
155,Gene_1922,0.0008086785809997328
156,Gene_755,0.000806050810005865
157,Gene_1982,0.0008059617103482926
158,Gene_1405,0.0008058387996256597
159,Gene_540,0.0008039959569833224
160,Gene_1306,0.0008039243511376673
161,Gene_1796,0.0008009672600755267
162,Gene_1670,0.0008009127615531205
163,Gene_990,0.0007984111547990043
164,Gene_322,0.0007910492990607465
165,Gene_1138,0.0007900892800932687
166,Gene_445,0.0007866321792809016
167,Gene_724,0.0007842700907882024
168,Gene_1676,0.000783352289968638
169,Gene_1257,0.0007811589647410955
170,Gene_1372,0.0007807586277070267
171,Gene_1427,0.0007804639812538071
172,Gene_149,0.0007804620738431966
173,Gene_136,0.0007791698667122465
174,Gene_757,0.0007774469536210328
175,Gene_1705,0.0007773305914894051
176,Gene_1147,0.0007771476552070243
177,Gene_1276,0.0007765444805983448
178,Gene_951,0.0007747911600709385
179,Gene_1644,0.0007715618367727591
180,Gene_978,0.0007684538780624104
181,Gene_013,0.0007676449300959806
182,Gene_520,0.0007669935727841182
183,Gene_1416,0.0007669570695672884
184,Gene_312,0.0007658355489292139
185,Gene_1204,0.0007655412678815974
186,Gene_1966,0.0007647594974043648
187,Gene_1622,0.0007647280592259705
188,Gene_630,0.000763548646416824
189,Gene_1721,0.000762466257202016
190,Gene_1647,0.0007619546196142499
191,Gene_1724,0.0007618989102856354
192,Gene_1843,0.0007616722168003147
193,Gene_1322,0.0007606736966376427
194,Gene_1238,0.0007604100579847559
195,Gene_1595,0.0007568917034163013
196,Gene_835,0.0007567871540667476
197,Gene_537,0.0007567183321255104
198,Gene_1353,0.000754964643100827
199,Gene_1436,0.0007540704875864232
200,Gene_1082,0.0007525999872952333
201,Gene_150,0.0007516277497667597
202,Gene_1767,0.0007514128166491629
203,Gene_698,0.000747224997029158
204,Gene_1270,0.0007464589508917588
205,Gene_508,0.000746256241678801
206,Gene_1116,0.0007453139977117057
207,Gene_1523,0.0007445675443134381
208,Gene_098,0.0007442911907878919
209,Gene_462,0.0007421474899331863
210,Gene_759,0.0007394718065530993
211,Gene_1207,0.0007390325950908735
212,Gene_1363,0.0007388874109320741
213,Gene_1392,0.0007386882752729597
214,Gene_948,0.0007357137288665197
215,Gene_1002,0.0007354117353136615
216,Gene_1191,0.0007344747257179855
217,Gene_390,0.0007335829067951792
218,Gene_465,0.0007335287060799288
219,Gene_1809,0.0007326476763408493
220,Gene_057,0.0007315029154219137
221,Gene_1453,0.0007314518967745301
222,Gene_067,0.0007308691211516221
223,Gene_536,0.000730697152204671
224,Gene_1305,0.0007297633740258698
225,Gene_487,0.0007288127032163758
226,Gene_588,0.0007273323905079383
227,Gene_655,0.0007272461050985942
228,Gene_1164,0.0007259371246684327
229,Gene_1839,0.0007240825938482279
230,Gene_357,0.0007240232362801649
231,Gene_1293,0.0007225151327013652
232,Gene_1897,0.0007219705507791596
233,Gene_844,0.0007213640731661289
234,Gene_829,0.0007195028990706339
235,Gene_918,0.0007178431512160409
236,Gene_903,0.000717000856633285
237,Gene_799,0.0007163208826452578
238,Gene_298,0.0007156769315338833
239,Gene_127,0.0007149518556362099
240,Gene_1968,0.0007146464744774476
241,Gene_1542,0.0007140527559317798
242,Gene_677,0.0007127270000504043
243,Gene_1559,0.0007083763028375388
244,Gene_876,0.0007074014243960053
245,Gene_1458,0.0007073858861006304
246,Gene_1004,0.0007057329865772222
247,Gene_1097,0.0007054202881384929
248,Gene_421,0.0007049800434119773
249,Gene_1235,0.0007048807941742749
250,Gene_1422,0.0007041925620463325
251,Gene_1593,0.0007035718883565856
252,Gene_636,0.0007028056484529589
253,Gene_739,0.0007025985570873168
254,Gene_1334,0.0007019639871497955
255,Gene_1525,0.0007003097720814878
256,Gene_1483,0.0006998720107422767
257,Gene_681,0.0006998275741263031
258,Gene_1386,0.0006993675954725789
259,Gene_1361,0.0006989986515657898
260,Gene_896,0.0006969483817751758
261,Gene_1534,0.0006950834454316258
262,Gene_1540,0.0006950234715159111
263,Gene_1560,0.0006916888840147829
264,Gene_959,0.0006909103227443137
265,Gene_1440,0.000687983173317208
266,Gene_1205,0.0006879794007982838
267,Gene_292,0.0006877726951305601
268,Gene_1661,0.0006875049770093173
269,Gene_1999,0.0006857470541453304
270,Gene_1855,0.0006851273837897423
271,Gene_521,0.0006844603682329307
272,Gene_994,0.0006837094035968005
273,Gene_1765,0.0006833332978709068
274,Gene_106,0.000683290659754194
275,Gene_1056,0.0006820417947685464
276,Gene_023,0.0006807222416978871
277,Gene_355,0.0006788274935890719
278,Gene_957,0.000677702342844457
279,Gene_1390,0.0006759205066948186
280,Gene_648,0.0006758163251963799
281,Gene_1816,0.0006755498443921823
282,Gene_802,0.0006755191305111111
283,Gene_1123,0.000675058037892698
284,Gene_1807,0.0006743037065598528
285,Gene_871,0.0006742758574949643
286,Gene_1285,0.0006739380955019564
287,Gene_1039,0.0006737398826876296
288,Gene_1211,0.0006722786581455958
289,Gene_1120,0.0006718971347344506
290,Gene_1941,0.0006713313699152191
291,Gene_530,0.0006703450568122447
292,Gene_1232,0.0006700878363558658
293,Gene_1108,0.0006697568163260871
294,Gene_1933,0.0006683403787494616
295,Gene_1171,0.0006677258863142298
296,Gene_1995,0.0006669789824468441
297,Gene_777,0.0006669456841246835
298,Gene_934,0.0006658611957477257
299,Gene_869,0.0006655717804610501
300,Gene_1003,0.00066556486691768
301,Gene_1247,0.0006654986853791552
302,Gene_285,0.0006653177598842464
303,Gene_1316,0.000664945321875011
304,Gene_1020,0.0006642283048342699
305,Gene_696,0.0006641144201493597
306,Gene_1212,0.0006639699104219663
307,Gene_142,0.0006630345585607833
308,Gene_761,0.0006627628084364213
309,Gene_246,0.0006623315140120232
310,Gene_762,0.00066188707663644
311,Gene_1359,0.0006614888516105054
312,Gene_506,0.0006613524647261356
313,Gene_656,0.0006609616549433893
314,Gene_1556,0.0006608253874134552
315,Gene_999,0.0006607820886832334
316,Gene_249,0.0006603420142527338
317,Gene_1430,0.0006596741791519092
318,Gene_397,0.0006587089980124175
319,Gene_084,0.0006567356661838452
320,Gene_849,0.0006558822100342929
321,Gene_453,0.0006548852876749526
322,Gene_728,0.0006548432691080425
323,Gene_211,0.0006545267864034193
324,Gene_1478,0.0006539224591638626
325,Gene_081,0.0006531703726923423
326,Gene_933,0.0006529713962830805
327,Gene_1241,0.0006528246064186265
328,Gene_428,0.0006522665010874959
329,Gene_807,0.0006521165414508609
330,Gene_1195,0.0006515421638071766
331,Gene_1384,0.0006509854369972512
332,Gene_753,0.0006508125040745264
333,Gene_707,0.0006506560522579122
334,Gene_1113,0.0006496707322445598
335,Gene_188,0.0006495057824951243
336,Gene_1981,0.0006492544213499628
337,Gene_884,0.0006483590383775007
338,Gene_587,0.0006477041177006324
339,Gene_665,0.0006475955888958465
340,Gene_297,0.0006469915582870925
341,Gene_797,0.0006467310784866848
342,Gene_594,0.0006466300481304945
343,Gene_1456,0.0006452031566753619
344,Gene_1008,0.000644935427955461
345,Gene_905,0.0006447957058186185
346,Gene_413,0.0006442256050549059
347,Gene_1594,0.0006431621951756096
348,Gene_336,0.0006431098439441168
349,Gene_1083,0.0006430145544500944
350,Gene_880,0.0006424390710850189
351,Gene_243,0.000642079838094832
352,Gene_1624,0.000642053506198083
353,Gene_1801,0.0006416450579527772
354,Gene_532,0.0006413445536503681
355,Gene_1360,0.0006404105688302824
356,Gene_1264,0.0006402382966007369
357,Gene_198,0.0006402090640884688
358,Gene_602,0.000639999338197045
359,Gene_899,0.0006399910852043089
360,Gene_1338,0.0006393871640519155
361,Gene_267,0.0006393471560633368
362,Gene_1936,0.0006392163908456231
363,Gene_821,0.0006378896609196888
364,Gene_1184,0.0006372613487597999
365,Gene_257,0.0006371301813905665
366,Gene_1249,0.0006370082573270777
367,Gene_879,0.0006360279077332199
368,Gene_1625,0.0006356146509038234
369,Gene_1762,0.0006331774674176628
370,Gene_1773,0.0006331568656040232
371,Gene_1746,0.0006321613586610148
372,Gene_1870,0.0006320490159345034
373,Gene_1179,0.0006318510213505683
374,Gene_315,0.0006316594224874166
375,Gene_566,0.0006303953132079694
376,Gene_1382,0.0006296697341430116
377,Gene_969,0.000629424916186776
378,Gene_958,0.000628618849129885
379,Gene_1119,0.0006282497253855065
380,Gene_492,0.0006281608915397128
381,Gene_1088,0.0006277058455841113
382,Gene_1357,0.0006266807045752511
383,Gene_1927,0.0006263996446149761
384,Gene_1141,0.0006262808884408561
385,Gene_1383,0.0006258753078703954
386,Gene_1631,0.0006258432517792703
387,Gene_585,0.0006249839671876218
388,Gene_493,0.0006249630050688601
389,Gene_1474,0.0006248332930711223
390,Gene_857,0.000624418573255686
391,Gene_1491,0.0006224506393038068
392,Gene_986,0.0006221923625472188
393,Gene_633,0.0006220907919986679
394,Gene_283,0.0006214233758209231
395,Gene_1736,0.0006210312518717182
396,Gene_1032,0.0006202919856596067
397,Gene_225,0.0006200014542150141
398,Gene_1156,0.0006197867892967861
399,Gene_226,0.0006196831083449428
400,Gene_1061,0.0006187054867693333
401,Gene_1912,0.0006186482876552219
402,Gene_1918,0.0006181171513528084
403,Gene_1637,0.0006178435210008784
404,Gene_177,0.0006176222869833166
405,Gene_1907,0.0006174757416133
406,Gene_1712,0.00061720802754075
407,Gene_1315,0.0006163046984543147
408,Gene_1048,0.0006163033525247288
409,Gene_1054,0.00061613858756505
410,Gene_078,0.0006160974079350223
411,Gene_1000,0.0006158537281267574
412,Gene_1468,0.0006152640275608735
413,Gene_1846,0.0006146845451123594
414,Gene_485,0.0006146512592161222
415,Gene_1803,0.0006142554028097339
416,Gene_509,0.000613688275794872
417,Gene_1824,0.0006129945559513042
418,Gene_1336,0.0006103471468477142
419,Gene_137,0.0006101042257637912
420,Gene_265,0.0006100532016834457
421,Gene_042,0.000610050100765385
422,Gene_1857,0.0006093211696367362
423,Gene_900,0.0006090742337162739
424,Gene_052,0.0006087409802683661
425,Gene_1219,0.0006086565727902733
426,Gene_1273,0.0006083146567264451
427,Gene_1397,0.0006083079625451406
428,Gene_418,0.0006082343444745442
429,Gene_1479,0.0006064958900667087
430,Gene_512,0.0006064293002852746
431,Gene_1128,0.0006059756488433896
432,Gene_1481,0.0006056755300393739
433,Gene_1890,0.0006045409491730869
434,Gene_1345,0.0006044299204179734
435,Gene_891,0.0006028428625217263
436,Gene_461,0.0006013469211574266
437,Gene_1084,0.0006013118030189213
438,Gene_1557,0.0006005297447500882
439,Gene_719,0.0006004316733446271
440,Gene_1851,0.0005999572857393446
441,Gene_080,0.0005996097133764817
442,Gene_426,0.0005991067909025013
443,Gene_1176,0.0005990305889972806
444,Gene_1455,0.000598541947288039
445,Gene_1414,0.000598070172763808
446,Gene_1364,0.0005977735001961298
447,Gene_1591,0.0005975755764333692
448,Gene_407,0.000597475188610797
449,Gene_125,0.0005955410900104766
450,Gene_1298,0.0005949492337478067
451,Gene_612,0.0005947596900201134
452,Gene_308,0.0005931829236183792
453,Gene_1223,0.0005930971852382984
454,Gene_1302,0.0005926535693565322
455,Gene_1194,0.0005920553607126764
456,Gene_1369,0.0005919227478042923
457,Gene_881,0.0005919138460933078
458,Gene_868,0.0005918269425979274
459,Gene_1011,0.0005917095663562844
460,Gene_645,0.0005914825801607069
461,Gene_1371,0.0005908019671140472
462,Gene_074,0.0005904128382419626
463,Gene_662,0.000590277100294503
464,Gene_541,0.0005899801536606832
465,Gene_186,0.0005898347930083314
466,Gene_858,0.0005893127559904989
467,Gene_1778,0.0005892961740998119
468,Gene_1201,0.0005892937064991193
469,Gene_1589,0.0005884755134118734
470,Gene_928,0.0005879878095138426
471,Gene_287,0.0005877343980111679
472,Gene_1256,0.0005876816166372445
473,Gene_774,0.0005875051543188414
474,Gene_570,0.0005867438690370318
475,Gene_938,0.0005860817045665822
476,Gene_749,0.0005858577050469802
477,Gene_813,0.000585056965361827
478,Gene_573,0.0005850432638108019
479,Gene_313,0.0005849870496834008
480,Gene_705,0.0005840589234395887
481,Gene_546,0.0005838650461833253
482,Gene_654,0.000583675420453026
483,Gene_1047,0.0005828576890988523
484,Gene_1891,0.0005820514481740722
485,Gene_1095,0.0005817578411686864
486,Gene_429,0.0005817559381192116
487,Gene_989,0.0005813772010328814
488,Gene_850,0.0005809477585507495
489,Gene_377,0.0005807889775220667
490,Gene_205,0.0005807852779497916
491,Gene_771,0.0005802694477116501
492,Gene_624,0.0005793241198460042
493,Gene_311,0.0005792451299727975
494,Gene_1263,0.0005790156419163489
495,Gene_093,0.0005785054966771294
496,Gene_1352,0.0005778732699020516
497,Gene_385,0.0005771272751498479
498,Gene_1335,0.0005770043755984815
499,Gene_838,0.0005762116452233001
500,Gene_1563,0.0005760992722458455
501,Gene_056,0.0005759108803818939
502,Gene_1752,0.0005758261066518786
503,Gene_079,0.0005754397852530358
504,Gene_1349,0.0005754352837831149
505,Gene_996,0.0005754057159053914
506,Gene_1853,0.0005751886666989073
507,Gene_1404,0.0005740425453129274
508,Gene_1115,0.0005737302700431555
509,Gene_597,0.0005736572528657765
510,Gene_1515,0.0005734419362398197
511,Gene_196,0.0005732642444073301
512,Gene_1740,0.0005730364460430854
513,Gene_1597,0.0005728006933416279
514,Gene_1550,0.0005726719833155408
515,Gene_303,0.0005724936627434019
516,Gene_216,0.0005719376037797608
517,Gene_1805,0.0005711862977795668
518,Gene_915,0.0005710346590576229
519,Gene_738,0.000570295493423354
520,Gene_504,0.0005697941926501568
521,Gene_704,0.0005697490303915436
522,Gene_1923,0.0005697269353208883
523,Gene_1650,0.0005677181927506355
524,Gene_1698,0.0005676932911747743
525,Gene_1435,0.000566723174092489
526,Gene_1107,0.0005665134574571201
527,Gene_742,0.0005664560731845477
528,Gene_002,0.0005664332331542019
529,Gene_1347,0.0005663843198352896
530,Gene_1233,0.0005661019015444761
531,Gene_1175,0.0005657856916436861
532,Gene_1030,0.0005653870326315506
533,Gene_1723,0.0005653725748096806
534,Gene_1511,0.000565122069221751
535,Gene_963,0.0005650910955570179
536,Gene_1022,0.0005647680159234184
537,Gene_1376,0.0005646109364291673
538,Gene_1516,0.0005644611287876689
539,Gene_1240,0.0005637224547557233
540,Gene_800,0.0005634366524009184
541,Gene_1785,0.0005630035545089128
542,Gene_1399,0.000562696783223922
543,Gene_1611,0.0005626866169590338
544,Gene_968,0.0005603418309647036
545,Gene_973,0.000560026244357704
546,Gene_1040,0.0005597917987070111
547,Gene_1346,0.0005594137289977285
548,Gene_600,0.0005582282001037052
549,Gene_993,0.0005579702836203266
550,Gene_068,0.0005579041323959894
551,Gene_756,0.0005577758803982407
552,Gene_237,0.0005576539642269561
553,Gene_1639,0.0005573007132498914
554,Gene_981,0.0005563894922687929
555,Gene_1466,0.0005561016771411706
556,Gene_1311,0.000556090017877172
557,Gene_170,0.0005559882285451981
558,Gene_305,0.0005553333776513285
559,Gene_917,0.000555272919831851
560,Gene_596,0.0005544201177919446
561,Gene_1921,0.0005544042507201701
562,Gene_1283,0.000554128950337818
563,Gene_538,0.000553632634040499
564,Gene_304,0.0005536231959634329
565,Gene_1327,0.0005531207788214529
566,Gene_045,0.0005528974495035843
567,Gene_1669,0.0005528570965356378
568,Gene_1274,0.0005527055822274079
569,Gene_256,0.0005523894989177814
570,Gene_228,0.0005521322218734466
571,Gene_1864,0.0005515998323951184
572,Gene_403,0.0005512931177584798
573,Gene_1393,0.000551147098318309
574,Gene_964,0.0005506534902917829
575,Gene_689,0.0005505143215206986
576,Gene_1475,0.000550128818883733
577,Gene_026,0.0005482003954435221
578,Gene_495,0.0005480511417747647
579,Gene_872,0.00054788802059211
580,Gene_619,0.0005476722250904856
581,Gene_103,0.0005475282436891685
582,Gene_1537,0.0005474239887585331
583,Gene_1871,0.0005473668269914224
584,Gene_766,0.000547017651433004
585,Gene_902,0.0005468516280942424
586,Gene_618,0.0005466736283960883
587,Gene_1501,0.0005465119569021871
588,Gene_1701,0.0005464355876042622
589,Gene_1850,0.000546317998022519
590,Gene_673,0.0005461295242922921
591,Gene_1248,0.0005460862698170076
592,Gene_706,0.0005457888880088837
593,Gene_1603,0.000545431905925461
594,Gene_415,0.0005453463922698739
595,Gene_1502,0.0005448091104798857
596,Gene_122,0.0005447770014594389
597,Gene_366,0.000544348572263342
598,Gene_806,0.0005442280053783398
599,Gene_892,0.0005442020136280168
600,Gene_342,0.0005437017332043802
601,Gene_1265,0.0005434873399179817
602,Gene_494,0.0005434337905660881
603,Gene_1096,0.0005431437118177871
604,Gene_1847,0.0005430711959968716
605,Gene_1821,0.000542872085580382
606,Gene_593,0.0005428463788958007
607,Gene_671,0.000542593240547805
608,Gene_143,0.0005421441569155986
609,Gene_1905,0.0005420371630029338
610,Gene_255,0.0005411946180418863
611,Gene_1394,0.0005409088291727229
612,Gene_272,0.0005406418526314714
613,Gene_646,0.0005398985109620716
614,Gene_500,0.0005395118166305435
615,Gene_1424,0.0005391578304577932
616,Gene_038,0.0005388086706251564
617,Gene_1225,0.0005383376735895834
618,Gene_1520,0.000538213165032587
619,Gene_657,0.0005381637272406885
620,Gene_1049,0.0005379077573530988
621,Gene_1111,0.0005378998323202032
622,Gene_1387,0.0005377533000774173
623,Gene_021,0.0005376819178797817
624,Gene_822,0.0005376131391632286
625,Gene_572,0.0005369658124294973
626,Gene_639,0.0005362012605890133
627,Gene_1621,0.0005361645950074709
628,Gene_1776,0.0005361237364050677
629,Gene_814,0.0005359683909900044
630,Gene_1500,0.0005359428654234409
631,Gene_005,0.0005358197390245973
632,Gene_1070,0.0005356401204043636
633,Gene_389,0.0005356014641241555
634,Gene_523,0.0005353698023852728
635,Gene_1131,0.0005352865286178055
636,Gene_395,0.0005351603327131056
637,Gene_924,0.0005348249338221262
638,Gene_340,0.0005347877184081048
639,Gene_754,0.0005339691460230915
640,Gene_889,0.0005336863648361243
641,Gene_1519,0.0005326212689347781
642,Gene_956,0.0005323826897270038
643,Gene_1911,0.0005323717640749796
644,Gene_326,0.0005320283721519502
645,Gene_1230,0.0005319504024711756
646,Gene_658,0.0005314316104190322
647,Gene_812,0.000531406249970559
648,Gene_1373,0.0005309696440185633
649,Gene_1656,0.000530641199361223
650,Gene_1543,0.0005301053664744646
651,Gene_893,0.0005298857523002156
652,Gene_1812,0.0005297602965599298
653,Gene_1027,0.0005295541256794277
654,Gene_296,0.0005293466142645632
655,Gene_082,0.0005289628408954066
656,Gene_710,0.0005288776816139187
657,Gene_923,0.0005288265768233775
658,Gene_066,0.0005285575246977379
659,Gene_1278,0.0005283558870278289
660,Gene_649,0.0005275861402251046
661,Gene_614,0.0005271981791188051
662,Gene_048,0.0005269631837803246
663,Gene_643,0.0005258052449566971
664,Gene_834,0.0005257268562554319
665,Gene_036,0.0005254161811460676
666,Gene_1362,0.0005253873181183103
667,Gene_075,0.0005248723137302881
668,Gene_1308,0.0005245389616103571
669,Gene_1026,0.0005239970392000474
670,Gene_020,0.0005239536760536421
671,Gene_622,0.0005235173515293302
672,Gene_1503,0.000523371927667902
673,Gene_035,0.0005232375503896737
674,Gene_1462,0.0005231724474806924
675,Gene_1860,0.0005229100259788201
676,Gene_555,0.0005229050065528728
677,Gene_853,0.0005227776399524394
678,Gene_1217,0.0005220905921093264
679,Gene_1548,0.0005217097189617817
680,Gene_1154,0.0005215594863427839
681,Gene_1324,0.0005214477385006757
682,Gene_180,0.0005212574282378591
683,Gene_1245,0.000520904360648411
684,Gene_337,0.000520376322145915
685,Gene_258,0.0005200265543209139
686,Gene_1074,0.0005199328508289501
687,Gene_697,0.0005197302583325064
688,Gene_1657,0.0005196921000120464
689,Gene_489,0.000519680594023798
690,Gene_827,0.0005193447552771555
691,Gene_478,0.0005192391691691537
692,Gene_1420,0.0005192085948741271
693,Gene_1226,0.0005190142309833834
694,Gene_440,0.0005189589213011997
695,Gene_1514,0.0005184905929265625
696,Gene_1568,0.0005183530527167262
697,Gene_1340,0.0005181053072256065
698,Gene_001,0.0005178750057023819
699,Gene_1854,0.0005174087128536005
700,Gene_1042,0.0005166360040605047
701,Gene_617,0.0005166319191466363
702,Gene_393,0.0005163520311803503
703,Gene_679,0.0005163486198975924
704,Gene_772,0.0005158164599014595
705,Gene_1521,0.0005156556607205919
706,Gene_1798,0.0005155704531700514
707,Gene_156,0.0005151167744386173
708,Gene_1321,0.0005145055676406372
709,Gene_1869,0.0005136026777855008
710,Gene_586,0.0005128740213008345
711,Gene_550,0.0005128681247714648
712,Gene_281,0.0005128671155311529
713,Gene_1367,0.0005124145579369116
714,Gene_577,0.0005119448254986736
715,Gene_686,0.0005118778694526582
716,Gene_1578,0.0005115903664983544
717,Gene_1255,0.0005115658763541561
718,Gene_1834,0.0005108064366564371
719,Gene_1289,0.0005105337987102488
720,Gene_1087,0.0005102232878352353
721,Gene_1151,0.0005101308520078108
722,Gene_634,0.0005098658314848631
723,Gene_320,0.0005098144289349155
724,Gene_1052,0.0005097347735412401
725,Gene_1970,0.0005095048687102534
726,Gene_912,0.0005094461688676607
727,Gene_1827,0.000509404642927091
728,Gene_815,0.0005087604648226948
729,Gene_134,0.0005085952164494562
730,Gene_1779,0.0005083187460948408
731,Gene_498,0.0005081960523644891
732,Gene_1242,0.0005079960283207943
733,Gene_518,0.000507818187862054
734,Gene_666,0.0005072403435489649
735,Gene_396,0.0005066752308074664
736,Gene_1596,0.0005065645800179386
737,Gene_1551,0.0005062330143306707
738,Gene_1072,0.000505922908357313
739,Gene_480,0.0005059034708044506
740,Gene_1441,0.0005058927468203779
741,Gene_1162,0.0005056079230508473
742,Gene_1190,0.0005055721291420404
743,Gene_1001,0.0005052771663994788
744,Gene_1814,0.0005051921927715826
745,Gene_702,0.0005046040089721926
746,Gene_173,0.0005037923878476553
747,Gene_980,0.0005036020254402344
748,Gene_564,0.0005035639155606033
749,Gene_174,0.0005035301796713484
750,Gene_1222,0.0005031751308639124
751,Gene_1732,0.0005029878955040497
752,Gene_787,0.0005029037680291148
753,Gene_314,0.0005025364289400732
754,Gene_1507,0.0005020887718751515
755,Gene_1751,0.0005018092535027958
756,Gene_270,0.0005017272426584697
757,Gene_559,0.0005016364781533401
758,Gene_694,0.000501576087355039
759,Gene_1146,0.0005013790534336353
760,Gene_860,0.0005013042986704861
761,Gene_1086,0.0005012805214979265
762,Gene_1433,0.0005009240968845437
763,Gene_910,0.0005007047412246022
764,Gene_409,0.0005006386781058403
765,Gene_306,0.0005005844967150239
766,Gene_1886,0.0004998941215931862
767,Gene_943,0.0004998604918966944
768,Gene_1947,0.0004992951654802173
769,Gene_1101,0.0004992414356199492
770,Gene_222,0.000498439548957176
771,Gene_091,0.0004983779584816043
772,Gene_1836,0.0004983585821387677
773,Gene_427,0.0004982821020185372
774,Gene_244,0.00049819448840489
775,Gene_1841,0.0004981248411503996
776,Gene_1262,0.0004981070628951868
777,Gene_083,0.000497859088897224
778,Gene_1719,0.0004975658557286821
779,Gene_343,0.0004972832533968149
780,Gene_866,0.0004972541293634403
781,Gene_1919,0.0004971346462250702
782,Gene_1881,0.0004970041198407085
783,Gene_1949,0.0004969396096734649
784,Gene_1093,0.0004964889589390714
785,Gene_1823,0.0004964672667680366
786,Gene_070,0.0004960544794461355
787,Gene_1013,0.0004955605531581054
788,Gene_1863,0.0004951741201491427
789,Gene_975,0.0004950676500521795
790,Gene_264,0.0004950219183537921
791,Gene_1638,0.0004945813162279641
792,Gene_1213,0.0004943719857107132
793,Gene_1408,0.0004939622333448995
794,Gene_1296,0.0004936145978009954
795,Gene_107,0.0004935068874946602
796,Gene_1153,0.0004931695523132592
797,Gene_1243,0.0004931542495216312
798,Gene_369,0.0004926219373459548
799,Gene_431,0.0004920539431380722
800,Gene_621,0.000491434808395512
801,Gene_1287,0.0004913960932140577
802,Gene_203,0.000490856483772139
803,Gene_1663,0.0004907161968341353
804,Gene_715,0.0004907133615224714
805,Gene_579,0.0004905774463206241
806,Gene_185,0.0004905242797299604
807,Gene_1538,0.000490488446681211
808,Gene_422,0.000490003587006358
809,Gene_1448,0.0004895220165012037
810,Gene_1874,0.0004895128235316441
811,Gene_1602,0.000489365735755599
812,Gene_1672,0.0004892178484365691
813,Gene_544,0.0004891812220974879
814,Gene_1674,0.0004886468291889276
815,Gene_358,0.0004882495337556048
816,Gene_847,0.0004882378752206755
817,Gene_1725,0.00048819717286540304
818,Gene_1686,0.00048753792444889115
819,Gene_922,0.00048703578847878544
820,Gene_1781,0.00048697549601110974
821,Gene_1234,0.00048684904689212915
822,Gene_290,0.00048662669726922216
823,Gene_1269,0.00048577598394521933
824,Gene_1380,0.00048559564820942474
825,Gene_1880,0.0004854472010757062
826,Gene_983,0.0004854380090196273
827,Gene_1665,0.00048503735714186704
828,Gene_423,0.00048479901278585924
829,Gene_289,0.0004847440483487967
830,Gene_1760,0.00048432067300856993
831,Gene_1277,0.00048422477828294347
832,Gene_006,0.00048391851033212856
833,Gene_823,0.0004837452917795252
834,Gene_842,0.00048358162933967143
835,Gene_1549,0.0004835675651877737
836,Gene_058,0.000483500124843793
837,Gene_1312,0.00048325834556581097
838,Gene_400,0.00048275588607962647
839,Gene_942,0.0004825280751799104
840,Gene_1606,0.000482235082019078
841,Gene_1342,0.0004821455307758886
842,Gene_1291,0.000481784823711524
843,Gene_1829,0.00048098602073736227
844,Gene_819,0.0004809480900542101
845,Gene_1103,0.00048067090329239796
846,Gene_499,0.00048038932698136685
847,Gene_1774,0.0004803398147403406
848,Gene_096,0.00048023423819793486
849,Gene_1691,0.0004799586467837963
850,Gene_451,0.00047994351872399386
851,Gene_1685,0.0004798850642826965
852,Gene_1118,0.00047987341047401764
853,Gene_163,0.0004798010671608646
854,Gene_1050,0.00047945114855120876
855,Gene_1065,0.0004792944816373422
856,Gene_730,0.00047917431409660416
857,Gene_946,0.00047915246366306714
858,Gene_1835,0.00047900283830589233
859,Gene_338,0.00047873828414703797
860,Gene_1619,0.00047849375274358586
861,Gene_652,0.0004784500954002324
862,Gene_1731,0.0004784110157981616
863,Gene_1181,0.00047703537210146287
864,Gene_919,0.00047673601792030983
865,Gene_1284,0.00047632275999980164
866,Gene_348,0.00047600593386930306
867,Gene_1718,0.00047592033657550923
868,Gene_131,0.0004759121339481088
869,Gene_1178,0.00047582739900783085
870,Gene_1130,0.00047570298077644497
871,Gene_368,0.0004750286142693568
872,Gene_752,0.00047489567048252613
873,Gene_701,0.00047468432609831817
874,Gene_1126,0.00047466153890307595
875,Gene_260,0.0004739030229347517
876,Gene_1366,0.0004737416032652896
877,Gene_583,0.00047359876903949413
878,Gene_1057,0.00047356938587730956
879,Gene_887,0.0004732344248743558
880,Gene_087,0.0004732182292232641
881,Gene_837,0.00047311004936669086
882,Gene_011,0.0004730697897875246
883,Gene_1144,0.00047281584997453647
884,Gene_1667,0.0004726495281366483
885,Gene_1496,0.0004726103983669826
886,Gene_046,0.00047241383238590226
887,Gene_1822,0.00047224450240343366
888,Gene_031,0.0004718978778483611
889,Gene_1795,0.0004717721276763394
890,Gene_611,0.0004716604996455095
891,Gene_391,0.0004710634205974789
892,Gene_1562,0.0004708614806881758
893,Gene_729,0.00047075796952783647
894,Gene_526,0.0004701443088561252
895,Gene_384,0.00047003551780013143
896,Gene_1517,0.00046985029537530165
897,Gene_1012,0.00046944452516698343
898,Gene_1280,0.00046931751449897903
899,Gene_1699,0.0004691949191800735
900,Gene_1938,0.0004690374400476955
901,Gene_417,0.0004683567899932099
902,Gene_895,0.00046779394717865976
903,Gene_1895,0.00046778513856795054
904,Gene_1782,0.00046765350854258684
905,Gene_723,0.00046759282400552155
906,Gene_037,0.0004674224296810026
907,Gene_1900,0.0004674128427958749
908,Gene_1737,0.0004673719769492634
909,Gene_1896,0.0004672206372822347
910,Gene_1948,0.00046679410093385484
911,Gene_1709,0.0004663021364506846
912,Gene_016,0.00046561353049048084
913,Gene_1445,0.0004655186198897493
914,Gene_1926,0.0004654236011967289
915,Gene_1437,0.0004646780109369306
916,Gene_028,0.00046464829051739146
917,Gene_1014,0.00046451738224054793
918,Gene_695,0.00046437762391042775
919,Gene_1769,0.00046428923708004917
920,Gene_1428,0.000464270523656409
921,Gene_1451,0.0004638429030180036
922,Gene_291,0.00046331668648039897
923,Gene_936,0.0004632998857288965
924,Gene_1819,0.0004632831380307419
925,Gene_1067,0.000463265328804353
926,Gene_1759,0.0004630337699531884
927,Gene_803,0.0004628575979669608
928,Gene_471,0.0004621714563426581
929,Gene_1268,0.0004621173368015547
930,Gene_1849,0.00046201655746167024
931,Gene_1888,0.00046145211195022524
932,Gene_1671,0.00046130635111638085
933,Gene_274,0.00046129238167870256
934,Gene_870,0.0004612381378132336
935,Gene_1889,0.00046114872979351776
936,Gene_212,0.00046058042577460984
937,Gene_811,0.00046057093511166257
938,Gene_1413,0.0004601724858145711
939,Gene_169,0.0004599117170106068
940,Gene_1513,0.00045981010294576596
941,Gene_1391,0.0004597663676057459
942,Gene_1150,0.0004594661571357098
943,Gene_1377,0.00045930473895968213
944,Gene_1944,0.0004592227427023051
945,Gene_1069,0.0004592116227866334
946,Gene_1100,0.0004591722468755012
947,Gene_232,0.00045907425410368884
948,Gene_1139,0.00045851567072879634
949,Gene_947,0.0004583309789279562
950,Gene_747,0.00045826915425048275
951,Gene_187,0.00045809586261941047
952,Gene_768,0.0004578223285599472
953,Gene_463,0.00045745269347648095
954,Gene_524,0.00045736231912309384
955,Gene_119,0.00045720795680095764
956,Gene_888,0.00045717486436453353
957,Gene_1749,0.00045704783897278825
958,Gene_1109,0.0004568816810998741
959,Gene_1655,0.00045656168779347514
960,Gene_841,0.00045645234237028424
961,Gene_1802,0.00045606955351659267
962,Gene_988,0.00045592883112847955
963,Gene_1323,0.0004557810141210843
964,Gene_1642,0.00045564819396366074
965,Gene_995,0.0004554393221851875
966,Gene_295,0.00045539417127785195
967,Gene_790,0.00045522827837161933
968,Gene_867,0.00045496855235348433
969,Gene_1105,0.000453976233436173
970,Gene_786,0.00045395799606925594
971,Gene_1044,0.0004535096443429308
972,Gene_735,0.00045288190049883666
973,Gene_1546,0.0004523719591068089
974,Gene_162,0.0004523378012622101
975,Gene_398,0.00045228195659556515
976,Gene_474,0.0004520051949128645
977,Gene_543,0.0004514163903913288
978,Gene_1572,0.00045140979715732306
979,Gene_937,0.0004511397436681466
980,Gene_1608,0.0004511010694032521
981,Gene_740,0.0004508053038703353
982,Gene_1231,0.0004501686818532988
983,Gene_1398,0.00045008078756713434
984,Gene_394,0.0004498665173859869
985,Gene_1033,0.0004498064888535847
986,Gene_589,0.00044957595965213273
987,Gene_859,0.0004492626078856965
988,Gene_863,0.00044916820583123753
989,Gene_1446,0.0004491481442098748
990,Gene_1172,0.0004488977061008793
991,Gene_1099,0.0004488030826449042
992,Gene_1510,0.00044852514857250355
993,Gene_1636,0.00044846705520229215
994,Gene_1914,0.00044834166382909585
995,Gene_1142,0.00044798224820896405
996,Gene_456,0.00044781207914281536
997,Gene_950,0.00044766249078883463
998,Gene_984,0.00044732075624251655
999,Gene_275,0.00044727505277798924
1000,Gene_954,0.00044711082796537456
1001,Gene_1216,0.0004466751617229686
1002,Gene_1588,0.0004465389354903387
1003,Gene_1005,0.0004464025909055308
1004,Gene_1573,0.00044617727715789236
1005,Gene_1640,0.0004460697120728947
1006,Gene_1915,0.0004459703892060467
1007,Gene_148,0.00044582509995665256
1008,Gene_647,0.00044576163251509524
1009,Gene_401,0.0004456780633121684
1010,Gene_1738,0.0004455919008415493
1011,Gene_674,0.000445541447909256
1012,Gene_316,0.0004451874687362672
1013,Gene_1689,0.0004451000297844565
1014,Gene_503,0.0004449876230972649
1015,Gene_1158,0.0004448847909914011
1016,Gene_1464,0.0004445013163939766
1017,Gene_1149,0.0004443572819681068
1018,Gene_789,0.00044425281609762813
1019,Gene_1697,0.0004441623204529042
1020,Gene_960,0.0004438986305516792
1021,Gene_640,0.0004437784644355313
1022,Gene_469,0.0004433487482708116
1023,Gene_909,0.00044329304333568675
1024,Gene_744,0.00044320674922670723
1025,Gene_1469,0.0004425653993648129
1026,Gene_1407,0.0004425353227429437
1027,Gene_571,0.00044248321603778713
1028,Gene_361,0.00044234472749480995
1029,Gene_223,0.00044232004957596503
1030,Gene_1209,0.0004421733768316592
1031,Gene_1654,0.0004418739924029693
1032,Gene_580,0.00044170494908049823
1033,Gene_383,0.0004414554009801902
1034,Gene_1169,0.00044142004776191507
1035,Gene_743,0.00044123272350659644
1036,Gene_1817,0.00044121625749726925
1037,Gene_741,0.00044114217165438797
1038,Gene_241,0.00044075945181248894
1039,Gene_089,0.0004406345750499722
1040,Gene_1331,0.0004405537770653036
1041,Gene_1229,0.0004401840458414083
1042,Gene_1553,0.00044003229316069356
1043,Gene_054,0.00043995749075050603
1044,Gene_1703,0.0004398428889611423
1045,Gene_1260,0.0004397247014409626
1046,Gene_1645,0.00043970864153622673
1047,Gene_1741,0.000439316639535501
1048,Gene_1810,0.00043882338198157904
1049,Gene_1133,0.0004386681479427549
1050,Gene_1561,0.00043861230719555985
1051,Gene_1720,0.00043849231982399315
1052,Gene_1648,0.000438450695864885
1053,Gene_1693,0.00043840527766697264
1054,Gene_192,0.000437666904145134
1055,Gene_1651,0.0004375200834278977
1056,Gene_623,0.0004373162463902122
1057,Gene_1770,0.000437270304717124
1058,Gene_1221,0.0004372147610694171
1059,Gene_798,0.0004369399680433654
1060,Gene_1381,0.00043692175750276716
1061,Gene_558,0.00043641947044971907
1062,Gene_1570,0.00043641033361468013
1063,Gene_507,0.0004363243528050731
1064,Gene_1844,0.0004362606816578263
1065,Gene_661,0.0004362284489200488
1066,Gene_197,0.00043610788745259034
1067,Gene_204,0.00043534696203964345
1068,Gene_606,0.000435214683549207
1069,Gene_139,0.0004350224498306691
1070,Gene_455,0.00043481554929883094
1071,Gene_004,0.0004347218726278153
1072,Gene_263,0.00043421072909092
1073,Gene_663,0.00043409269020616156
1074,Gene_387,0.0004340291804260625
1075,Gene_525,0.00043356746560375444
1076,Gene_625,0.00043353123610912565
1077,Gene_1425,0.00043286548330148493
1078,Gene_1569,0.0004327326194291243
1079,Gene_022,0.0004326836120503307
1080,Gene_268,0.00043253168001848634
1081,Gene_1579,0.000432522881246444
1082,Gene_111,0.00043231930460702045
1083,Gene_894,0.00043225107424688444
1084,Gene_848,0.0004320354320602757
1085,Gene_047,0.0004317711504535528
1086,Gene_1906,0.0004315924437996163
1087,Gene_855,0.0004314088422785968
1088,Gene_1419,0.00043135831934738806
1089,Gene_483,0.0004313069027578608
1090,Gene_604,0.0004312851345958881
1091,Gene_477,0.0004310248367512741
1092,Gene_1460,0.00043079378096158084
1093,Gene_1532,0.0004306390955660983
1094,Gene_925,0.00043052006047609634
1095,Gene_635,0.00043033815474720566
1096,Gene_615,0.0004299551460638935
1097,Gene_003,0.0004298291250737929
1098,Gene_1090,0.00042976989885998155
1099,Gene_1643,0.0004296647049278608
1100,Gene_763,0.00042957764020230973
1101,Gene_1396,0.0004295712808655268
1102,Gene_160,0.00042944725304734004
1103,Gene_659,0.00042892666876460044
1104,Gene_1902,0.0004288091325490131
1105,Gene_015,0.0004288063127069069
1106,Gene_1937,0.0004287087932106739
1107,Gene_1110,0.0004286499832767139
1108,Gene_1059,0.0004283732012946264
1109,Gene_898,0.0004282522669618339
1110,Gene_1616,0.0004282424773088985
1111,Gene_533,0.00042823085196758495
1112,Gene_1614,0.00042797624664077583
1113,Gene_1470,0.0004278618474540503
1114,Gene_1626,0.0004277332443659482
1115,Gene_1660,0.00042769450610637583
1116,Gene_1878,0.0004275630682089866
1117,Gene_1627,0.0004275121330612175
1118,Gene_161,0.000427309994034131
1119,Gene_1337,0.00042700378779151525
1120,Gene_379,0.0004268991760240856
1121,Gene_1629,0.0004267653860032547
1122,Gene_1571,0.00042655938956585057
1123,Gene_388,0.00042602013679063843
1124,Gene_1121,0.0004258794843765723
1125,Gene_102,0.0004258158885812678
1126,Gene_592,0.0004257371839612296
1127,Gene_653,0.000424938186244593
1128,Gene_700,0.0004249043367090446
1129,Gene_425,0.0004246832913037261
1130,Gene_953,0.0004246614788226021
1131,Gene_557,0.00042451203648902766
1132,Gene_248,0.0004244636517256141
1133,Gene_1788,0.00042417101061522093
1134,Gene_1509,0.00042374169180393683
1135,Gene_359,0.0004233946988639739
1136,Gene_1261,0.00042326079568821265
1137,Gene_708,0.0004230350770592127
1138,Gene_1183,0.0004229390360677969
1139,Gene_033,0.0004228221967623437
1140,Gene_1830,0.0004226611650739452
1141,Gene_1365,0.0004214043202194697
1142,Gene_1831,0.00042129802531704085
1143,Gene_945,0.00042105094381148493
1144,Gene_1530,0.0004208785608760017
1145,Gene_1486,0.00042071712825575604
1146,Gene_039,0.0004205940660131635
1147,Gene_1755,0.00041996274944953603
1148,Gene_1687,0.00041973139033064764
1149,Gene_430,0.0004196674994275426
1150,Gene_1135,0.00041945663308999055
1151,Gene_736,0.00041939035418457913
1152,Gene_882,0.00041901570190176817
1153,Gene_245,0.00041890137023361043
1154,Gene_128,0.0004187155763683517
1155,Gene_1756,0.000418394286809654
1156,Gene_1539,0.0004183891131130918
1157,Gene_1034,0.000418120157101921
1158,Gene_064,0.0004180954176175046
1159,Gene_104,0.000417718874754062
1160,Gene_931,0.00041762081228198414
1161,Gene_1932,0.0004173380105298094
1162,Gene_1062,0.0004169759664110038
1163,Gene_832,0.0004168444689164729
1164,Gene_1199,0.00041684344289201724
1165,Gene_1368,0.00041657877984407096
1166,Gene_1832,0.0004164699129876715
1167,Gene_1623,0.00041633512475181385
1168,Gene_114,0.0004160805527487326
1169,Gene_734,0.0004157467566567404
1170,Gene_1892,0.00041540983490294495
1171,Gene_782,0.00041525611699845354
1172,Gene_086,0.00041518873139943644
1173,Gene_1112,0.0004150847132932692
1174,Gene_293,0.0004150209635932633
1175,Gene_250,0.0004142473126951402
1176,Gene_133,0.00041375042495010847
1177,Gene_977,0.0004134715607921409
1178,Gene_335,0.0004133758977417289
1179,Gene_1894,0.0004125256134774141
1180,Gene_273,0.00041235238020123605
1181,Gene_1152,0.00041227042579214884
1182,Gene_382,0.00041223934562090544
1183,Gene_482,0.0004121663951570754
1184,Gene_599,0.0004121147594019872
1185,Gene_240,0.0004120750344080635
1186,Gene_1423,0.000412051917896128
1187,Gene_641,0.0004120171964941686
1188,Gene_1473,0.00041180673002777805
1189,Gene_1214,0.00041174422477078675
1190,Gene_527,0.0004117243186827667
1191,Gene_1858,0.00041165604956454056
1192,Gene_202,0.0004113185660028897
1193,Gene_332,0.0004108052376129202
1194,Gene_1808,0.0004105239171448718
1195,Gene_159,0.0004104009282887859
1196,Gene_1412,0.0004100555540081337
1197,Gene_376,0.00040995337849008477
1198,Gene_939,0.00040994293468100886
1199,Gene_1031,0.00040990016442679633
1200,Gene_1309,0.00040980504415869754
1201,Gene_146,0.00040977199998163934
1202,Gene_362,0.00040974662014050964
1203,Gene_1472,0.000409658411753822
1204,Gene_1252,0.0004090788307948509
1205,Gene_1330,0.0004090451222211538
1206,Gene_112,0.00040877388341050385
1207,Gene_1188,0.000408213955834261
1208,Gene_178,0.00040793126224485284
1209,Gene_517,0.0004077278183099935
1210,Gene_970,0.0004076137042281644
1211,Gene_1385,0.00040755196780673815
1212,Gene_1485,0.00040754517905959185
1213,Gene_1344,0.00040717744054307093
1214,Gene_380,0.0004070421664421086
1215,Gene_090,0.0004069945255536372
1216,Gene_1861,0.00040670512233780264
1217,Gene_664,0.0004064398145240335
1218,Gene_1679,0.000406200265065031
1219,Gene_1865,0.00040602449561763737
1220,Gene_1758,0.0004056109196374542
1221,Gene_120,0.0004055119200414156
1222,Gene_1630,0.00040550827540717635
1223,Gene_1617,0.0004052073353138833
1224,Gene_784,0.0004050631388937466
1225,Gene_353,0.00040490849651862997
1226,Gene_1716,0.0004044335343462787
1227,Gene_351,0.00040436383538345396
1228,Gene_436,0.00040420044461229025
1229,Gene_239,0.0004041939922543163
1230,Gene_1403,0.00040410209992702384
1231,Gene_018,0.00040331597165075124
1232,Gene_284,0.0004031518606544151
1233,Gene_1317,0.0004031501532150021
1234,Gene_252,0.00040303007377770066
1235,Gene_712,0.00040297093559092597
1236,Gene_1471,0.0004024604658674553
1237,Gene_041,0.00040170573917575585
1238,Gene_221,0.0004017035522765273
1239,Gene_467,0.0004014650679905732
1240,Gene_582,0.00040144692630940664
1241,Gene_750,0.00040134125842029573
1242,Gene_1862,0.00040124590769581955
1243,Gene_1592,0.0004010205766493482
1244,Gene_319,0.0004009896616632194
1245,Gene_1080,0.00040098373069503783
1246,Gene_1916,0.0004009261554371938
1247,Gene_916,0.0004006276883734223
1248,Gene_1299,0.00040061061656004545
1249,Gene_1370,0.0004005903722375379
1250,Gene_350,0.00040058784107348456
1251,Gene_1903,0.0004005763360432021
1252,Gene_1728,0.00040056165870605917
1253,Gene_1388,0.0004004737051073317
1254,Gene_050,0.0004004163717905571
1255,Gene_1575,0.00040041453531939263
1256,Gene_1528,0.00039999039245380857
1257,Gene_545,0.00039960678518174904
1258,Gene_014,0.00039955434146975963
1259,Gene_1426,0.0003992539631409563
1260,Gene_171,0.00039918455488756777
1261,Gene_1946,0.00039917183473525285
1262,Gene_1177,0.0003991039479084802
1263,Gene_145,0.00039893437802433914
1264,Gene_1743,0.00039870550102131836
1265,Gene_457,0.0003985917373626387
1266,Gene_1677,0.000398524625926105
1267,Gene_1461,0.00039812788119660415
1268,Gene_1168,0.0003981262247414013
1269,Gene_1733,0.0003979642322911637
1270,Gene_1197,0.0003978290525291491
1271,Gene_227,0.0003977980602452391
1272,Gene_318,0.0003976154395068927
1273,Gene_873,0.0003973484391868893
1274,Gene_1157,0.0003970180554404959
1275,Gene_1931,0.00039697525027604765
1276,Gene_552,0.00039684016823983843
1277,Gene_1137,0.00039673077400669996
1278,Gene_1763,0.00039654062929845956
1279,Gene_1272,0.0003964834984987496
1280,Gene_1064,0.00039632254810243676
1281,Gene_030,0.00039617113696604464
1282,Gene_1215,0.00039562660290193047
1283,Gene_1073,0.00039561448641489775
1284,Gene_603,0.0003952284356636447
1285,Gene_845,0.0003952103650156358
1286,Gene_1845,0.0003951798452730422
1287,Gene_1820,0.00039508248883808427
1288,Gene_722,0.0003950341076240267
1289,Gene_851,0.000394861807244394
1290,Gene_574,0.0003946876849478191
1291,Gene_791,0.00039441942104814017
1292,Gene_883,0.00039436665124362646
1293,Gene_875,0.00039432990041709886
1294,Gene_1145,0.00039430704811239633
1295,Gene_1783,0.0003940472460495202
1296,Gene_576,0.0003940433261825397
1297,Gene_843,0.0003938287718974646
1298,Gene_1599,0.00039360470960751536
1299,Gene_402,0.00039336633531872204
1300,Gene_1533,0.0003933297768534033
1301,Gene_1015,0.000393205831619009
1302,Gene_1089,0.0003930450484476776
1303,Gene_628,0.00039302545484550607
1304,Gene_345,0.00039276314420982184
1305,Gene_590,0.0003922043186589053
1306,Gene_1641,0.00039211157518287
1307,Gene_568,0.00039152690886443386
1308,Gene_877,0.0003907254555050038
1309,Gene_109,0.0003906970038557908
1310,Gene_194,0.00039055451002616257
1311,Gene_1476,0.00039016353150650885
1312,Gene_1411,0.00038972074729312097
1313,Gene_1929,0.0003896199099518384
1314,Gene_1060,0.0003894644878290493
1315,Gene_733,0.0003893483480580166
1316,Gene_672,0.0003893361495202331
1317,Gene_788,0.00038895673123555077
1318,Gene_1170,0.000388543963940063
1319,Gene_1635,0.0003884249861618474
1320,Gene_199,0.00038817042154271563
1321,Gene_1793,0.00038790922345390775
1322,Gene_1075,0.000387810853505946
1323,Gene_1117,0.0003876448242446237
1324,Gene_472,0.0003872365083907435
1325,Gene_446,0.00038717578068796763
1326,Gene_1544,0.0003871211332501854
1327,Gene_1081,0.0003867080040237029
1328,Gene_027,0.0003866128378901815
1329,Gene_008,0.0003865299349269289
1330,Gene_683,0.00038645621983739387
1331,Gene_235,0.00038594698742378544
1332,Gene_1574,0.0003859467125205224
1333,Gene_1804,0.00038544404892249277
1334,Gene_1833,0.00038507286799899324
1335,Gene_1789,0.00038505449013518945
1336,Gene_233,0.0003850096792660957
1337,Gene_209,0.00038485151400976755
1338,Gene_1449,0.0003846813333798027
1339,Gene_515,0.0003839813257280465
1340,Gene_1290,0.00038372225708686717
1341,Gene_269,0.0003836164184627569
1342,Gene_176,0.0003833508860346222
1343,Gene_584,0.0003832467391456426
1344,Gene_1224,0.0003828130122989855
1345,Gene_1007,0.0003827460759868341
1346,Gene_1662,0.00038267383351819564
1347,Gene_569,0.0003825477723254178
1348,Gene_327,0.000382373279376659
1349,Gene_1842,0.00038160532170479077
1350,Gene_1753,0.0003815108211535517
1351,Gene_1633,0.00038136657512999393
1352,Gene_271,0.00038118788589360897
1353,Gene_794,0.00038079200863948737
1354,Gene_449,0.0003805250909680516
1355,Gene_1374,0.0003803718562835561
1356,Gene_1555,0.00038009361786583664
1357,Gene_1016,0.0003800716920919336
1358,Gene_105,0.0003796284503317167
1359,Gene_949,0.000379383475836034
1360,Gene_1431,0.000379167158061492
1361,Gene_300,0.00037901290955011136
1362,Gene_720,0.0003786996346281853
1363,Gene_1102,0.00037869962542856845
1364,Gene_412,0.00037840460107757946
1365,Gene_1300,0.00037827250811258437
1366,Gene_699,0.00037815850719515704
1367,Gene_1051,0.00037776622724290735
1368,Gene_124,0.00037776466122984594
1369,Gene_660,0.00037769853778711143
1370,Gene_1690,0.00037761812964384923
1371,Gene_982,0.0003775695455112442
1372,Gene_932,0.00037755282793471516
1373,Gene_007,0.0003773071005691411
1374,Gene_484,0.0003771493861292338
1375,Gene_331,0.00037710450632286044
1376,Gene_251,0.00037692121675118336
1377,Gene_941,0.0003767383469746509
1378,Gene_795,0.0003766912746915769
1379,Gene_065,0.00037668969509167105
1380,Gene_1730,0.0003757564562629358
1381,Gene_1378,0.00037569458424240807
1382,Gene_324,0.00037557956029373227
1383,Gene_1189,0.00037535123076545466
1384,Gene_333,0.00037524272663088683
1385,Gene_1134,0.00037514467591882525
1386,Gene_442,0.00037468752524832006
1387,Gene_063,0.0003746692895833079
1388,Gene_809,0.00037459516638016445
1389,Gene_501,0.00037438209342462116
1390,Gene_804,0.00037435582239912584
1391,Gene_1598,0.0003742068425882248
1392,Gene_840,0.0003735819486645252
1393,Gene_1580,0.0003734037319351783
1394,Gene_885,0.0003733105210010015
1395,Gene_1348,0.0003728612287874811
1396,Gene_224,0.00037206083656080144
1397,Gene_1811,0.00037194211439418027
1398,Gene_1266,0.00037181962069498327
1399,Gene_1940,0.0003717270627470418
1400,Gene_1037,0.00037148356292483027
1401,Gene_1415,0.0003711526095633818
1402,Gene_201,0.00037114437304675967
1403,Gene_1250,0.0003709246581991967
1404,Gene_935,0.00037048469773206865
1405,Gene_231,0.0003702864050284169
1406,Gene_906,0.00037026246564751106
1407,Gene_1764,0.00037015624311803814
1408,Gene_591,0.00036990802431745247
1409,Gene_1797,0.0003698659370569886
1410,Gene_693,0.0003697813921497111
1411,Gene_1208,0.0003697146873527571
1412,Gene_793,0.0003696719979142685
1413,Gene_044,0.0003694095422606725
1414,Gene_874,0.0003691941648749908
1415,Gene_1409,0.00036876016333512785
1416,Gene_1673,0.0003686819025111419
1417,Gene_1165,0.00036866805612695974
1418,Gene_1122,0.00036866388198023204
1419,Gene_1035,0.0003686217465372997
1420,Gene_147,0.00036837878168928496
1421,Gene_479,0.00036833924189894345
1422,Gene_1434,0.0003679888675467288
1423,Gene_404,0.00036780259871090385
1424,Gene_775,0.0003677627454562581
1425,Gene_1025,0.00036713036620612024
1426,Gene_1649,0.0003669730535984176
1427,Gene_1652,0.00036673889220202165
1428,Gene_019,0.00036661733859970455
1429,Gene_1091,0.00036644525672003403
1430,Gene_1581,0.00036633842845287167
1431,Gene_914,0.0003662909238582259
1432,Gene_279,0.000366225341464204
1433,Gene_1454,0.0003659924962476176
1434,Gene_535,0.0003658175545823628
1435,Gene_450,0.0003655793405504168
1436,Gene_709,0.00036557141776956696
1437,Gene_1702,0.000365514680744144
1438,Gene_770,0.00036542617626153116
1439,Gene_424,0.000365326758452391
1440,Gene_1132,0.0003650524895611265
1441,Gene_1567,0.00036492311022356076
1442,Gene_302,0.000364888064779014
1443,Gene_920,0.00036488341364360405
1444,Gene_072,0.00036468059323484014
1445,Gene_367,0.00036450970809109244
1446,Gene_758,0.00036446974618912603
1447,Gene_414,0.0003639764909863397
1448,Gene_207,0.00036397528058332074
1449,Gene_053,0.00036385192669008935
1450,Gene_1628,0.0003635174684144981
1451,Gene_1328,0.00036345791311287256
1452,Gene_779,0.00036334831836059867
1453,Gene_1815,0.0003629935726559775
1454,Gene_626,0.0003628936480730815
1455,Gene_534,0.0003626477883798231
1456,Gene_117,0.00036263069539984845
1457,Gene_378,0.000362571342358131
1458,Gene_631,0.00036244189727542027
1459,Gene_1714,0.00036243403586363375
1460,Gene_1239,0.00036213121311201704
1461,Gene_688,0.0003620577683568805
1462,Gene_1236,0.00036198049480758073
1463,Gene_542,0.0003613922964087904
1464,Gene_685,0.0003610391251789183
1465,Gene_189,0.0003600980094175405
1466,Gene_940,0.00036006459301612134
1467,Gene_907,0.00035992905750299937
1468,Gene_1465,0.0003595860997204101
1469,Gene_1320,0.00035935540815913096
1470,Gene_017,0.0003593459246583841
1471,Gene_1613,0.00035930064278018396
1472,Gene_374,0.00035922042613616145
1473,Gene_040,0.0003592175756744555
1474,Gene_1587,0.000359179423107139
1475,Gene_1174,0.0003591538984907439
1476,Gene_1288,0.0003590923486997817
1477,Gene_416,0.00035886406187063673
1478,Gene_1930,0.0003586923289212469
1479,Gene_392,0.0003586751965043017
1480,Gene_1438,0.00035835737249384513
1481,Gene_1875,0.0003581850483944828
1482,Gene_217,0.00035767982707427773
1483,Gene_638,0.0003576580380266486
1484,Gene_115,0.00035712422234086334
1485,Gene_278,0.00035706402388906015
1486,Gene_1710,0.00035673721663057636
1487,Gene_825,0.0003563997574219673
1488,Gene_486,0.00035590116690093436
1489,Gene_372,0.0003555640902206434
1490,Gene_1664,0.00035477941457393144
1491,Gene_1043,0.00035428510007364753
1492,Gene_123,0.0003542472826257626
1493,Gene_1477,0.000354141987184802
1494,Gene_1692,0.000354058815460215
1495,Gene_528,0.00035402263015634725
1496,Gene_000,0.00035350281988402873
1497,Gene_760,0.00035333235476162815
1498,Gene_321,0.00035313930831565337
1499,Gene_071,0.0003526946506369537
1500,Gene_1882,0.00035231303645386595
1501,Gene_1203,0.00035231020632225105
1502,Gene_1459,0.0003522449062727808
1503,Gene_785,0.00035220688461959414
1504,Gene_1747,0.0003517087837843389
1505,Gene_1442,0.00035161473100546193
1506,Gene_1529,0.00035153915723802045
1507,Gene_1186,0.00035148216355724475
1508,Gene_1114,0.0003514696431123559
1509,Gene_1748,0.0003512839866853788
1510,Gene_1439,0.0003511810001247103
1511,Gene_230,0.0003510461228138867
1512,Gene_060,0.00035093305623860226
1513,Gene_539,0.0003503625740357026
1514,Gene_1484,0.0003502902867422227
1515,Gene_435,0.00034948370947679165
1516,Gene_642,0.0003493430514194991
1517,Gene_717,0.0003491728637170154
1518,Gene_609,0.00034915236181439673
1519,Gene_1085,0.0003489578938952717
1520,Gene_1295,0.0003488028820153437
1521,Gene_1908,0.0003487328917211356
1522,Gene_1826,0.00034856589158274004
1523,Gene_556,0.00034855937395732276
1524,Gene_952,0.0003482074750184293
1525,Gene_1883,0.0003479566098078046
1526,Gene_1935,0.00034759901990408617
1527,Gene_861,0.0003475520490952234
1528,Gene_620,0.00034750268410076916
1529,Gene_061,0.0003473820098513301
1530,Gene_1166,0.0003472352859469915
1531,Gene_491,0.0003470948947762763
1532,Gene_138,0.00034703307862449305
1533,Gene_1726,0.0003469615986891437
1534,Gene_254,0.0003469195635800573
1535,Gene_1355,0.0003466820888353498
1536,Gene_1228,0.0003464447727538796
1537,Gene_1837,0.0003462714392728699
1538,Gene_1925,0.00034609894002916094
1539,Gene_1259,0.00034588771069227377
1540,Gene_691,0.00034583039123935936
1541,Gene_1304,0.00034572499573614084
1542,Gene_329,0.0003456367231922661
1543,Gene_1253,0.00034523158233616615
1544,Gene_726,0.000345098471668291
1545,Gene_669,0.00034509376180730906
1546,Gene_605,0.00034487639035238755
1547,Gene_1526,0.00034476714805197617
1548,Gene_904,0.0003444716173647518
1549,Gene_370,0.0003440983972157249
1550,Gene_152,0.0003435129506310576
1551,Gene_330,0.000343357681527049
1552,Gene_886,0.0003431283875678504
1553,Gene_1187,0.00034279483887945873
1554,Gene_1653,0.0003426798502085794
1555,Gene_1313,0.00034263734222856
1556,Gene_1297,0.00034261081998866017
1557,Gene_200,0.0003418324820835594
1558,Gene_522,0.00034168138246921785
1559,Gene_578,0.00034116372788423
1560,Gene_1928,0.00034113659591586187
1561,Gene_1695,0.0003408054951341111
1562,Gene_025,0.00034061269317736995
1563,Gene_1078,0.00034044983149653747
1564,Gene_1859,0.0003404440898291098
1565,Gene_1607,0.0003401988316086284
1566,Gene_1856,0.0003400389723120366
1567,Gene_864,0.0003400268539839867
1568,Gene_1678,0.0003398463064948694
1569,Gene_1610,0.0003397272562986878
1570,Gene_1893,0.00033959360836053535
1571,Gene_1694,0.0003390931686291121
1572,Gene_1417,0.00033900572750501855
1573,Gene_1904,0.00033897786543461554
1574,Gene_024,0.00033882377983651376
1575,Gene_234,0.00033850705541627947
1576,Gene_1301,0.0003380863560905933
1577,Gene_157,0.0003376267970508668
1578,Gene_502,0.00033745272132137174
1579,Gene_783,0.00033720026351573653
1580,Gene_043,0.00033702068292880557
1581,Gene_236,0.0003367659542827731
1582,Gene_1583,0.0003367643330863319
1583,Gene_1717,0.00033675063764143783
1584,Gene_1577,0.0003364967847630449
1585,Gene_897,0.000336443736148221
1586,Gene_549,0.0003361325538797944
1587,Gene_310,0.00033568037730230044
1588,Gene_713,0.00033556840640807994
1589,Gene_692,0.0003353254394298565
1590,Gene_167,0.00033488644576880404
1591,Gene_1332,0.00033465639098943366
1592,Gene_049,0.00033390227690411516
1593,Gene_1063,0.0003338802065908989
1594,Gene_151,0.00033353953296923623
1595,Gene_1867,0.00033327261234796136
1596,Gene_309,0.0003332465148089929
1597,Gene_1160,0.00033315076282520653
1598,Gene_1942,0.00033314820181285144
1599,Gene_1727,0.00033314270331344815
1600,Gene_1506,0.00033268700932497045
1601,Gene_1879,0.00033268537158500006
1602,Gene_1294,0.000332295516836347
1603,Gene_1246,0.00033227834183437
1604,Gene_1467,0.00033202536468011456
1605,Gene_100,0.0003317216344426437
1606,Gene_1609,0.00033119881811056106
1607,Gene_769,0.00033106864472263564
1608,Gene_1167,0.00033100687484481357
1609,Gene_1488,0.0003308909738546637
1610,Gene_1784,0.00033087133975150357
1611,Gene_1792,0.00033076415039139025
1612,Gene_632,0.00033073645854608667
1613,Gene_399,0.00033034715229056654
1614,Gene_1683,0.0003301991776346861
1615,Gene_682,0.00033015244444770906
1616,Gene_817,0.00032975139224975046
1617,Gene_466,0.000329706976772786
1618,Gene_613,0.0003296864111539699
1619,Gene_1924,0.0003296575426017463
1620,Gene_991,0.0003296545572523239
1621,Gene_1432,0.00032921715743275485
1622,Gene_055,0.0003292070729623581
1623,Gene_051,0.0003286229477688949
1624,Gene_341,0.00032813924813781224
1625,Gene_690,0.000327993149009677
1626,Gene_1218,0.0003279391801465376
1627,Gene_172,0.0003278374202606873
1628,Gene_1680,0.0003277566336161202
1629,Gene_1140,0.0003277460331020779
1630,Gene_514,0.0003277191220188699
1631,Gene_1029,0.0003277087660225346
1632,Gene_166,0.00032763582976936547
1633,Gene_1794,0.00032749599795076594
1634,Gene_966,0.00032728571080220065
1635,Gene_567,0.00032694408132640895
1636,Gene_519,0.00032674415932489964
1637,Gene_1286,0.0003264930660742073
1638,Gene_1901,0.00032637992435303006
1639,Gene_1314,0.0003260588772139336
1640,Gene_1708,0.00032580960277039716
1641,Gene_184,0.0003258042719321013
1642,Gene_629,0.00032576806332891084
1643,Gene_616,0.000325701538446006
1644,Gene_778,0.00032545336560339165
1645,Gene_1410,0.0003251114239956129
1646,Gene_496,0.00032422932455486913
1647,Gene_1873,0.0003237546143993032
1648,Gene_1872,0.00032362956476633545
1649,Gene_1920,0.0003236144755130149
1650,Gene_154,0.00032321675370430825
1651,Gene_1634,0.0003231607047606686
1652,Gene_547,0.0003231319810560915
1653,Gene_433,0.0003227589775829641
1654,Gene_560,0.0003223112149275567
1655,Gene_505,0.00032230604733221813
1656,Gene_153,0.0003220044001426428
1657,Gene_085,0.00032142168251904227
1658,Gene_356,0.00032084944549209336
1659,Gene_1688,0.0003208023002599634
1660,Gene_346,0.00032065243517766435
1661,Gene_1094,0.00032003057358640354
1662,Gene_1161,0.0003199931187432088
1663,Gene_1180,0.0003197217293593408
1664,Gene_1319,0.00031970541845588864
1665,Gene_727,0.00031963129716939544
1666,Gene_955,0.00031930938638992964
1667,Gene_1395,0.00031919855939674965
1668,Gene_1545,0.0003191010665165055
1669,Gene_1106,0.00031871172421301855
1670,Gene_307,0.0003187040054184879
1671,Gene_195,0.00031859395165349477
1672,Gene_610,0.00031842719850590603
1673,Gene_1310,0.0003183896089356361
1674,Gene_670,0.0003183709936682067
1675,Gene_1279,0.00031800144526460025
1676,Gene_1375,0.0003174618753429117
1677,Gene_1684,0.0003172503137699072
1678,Gene_408,0.0003172482996271154
1679,Gene_381,0.0003168780975993142
1680,Gene_1715,0.00031682476362720075
1681,Gene_301,0.0003167935392147047
1682,Gene_126,0.000316484056430528
1683,Gene_1722,0.00031615968945993526
1684,Gene_1041,0.00031571124569113615
1685,Gene_1547,0.00031551332511445675
1686,Gene_1840,0.0003152653926254043
1687,Gene_1079,0.00031490785668930084
1688,Gene_411,0.00031447810071799686
1689,Gene_911,0.0003143529532126301
1690,Gene_076,0.000314209879776272
1691,Gene_1818,0.0003139234652704491
1692,Gene_101,0.00031389086985180505
1693,Gene_921,0.00031383014283098404
1694,Gene_1838,0.00031379297413778977
1695,Gene_135,0.00031360002881954054
1696,Gene_976,0.0003133505357038524
1697,Gene_1192,0.00031334411404132615
1698,Gene_1518,0.0003127788649108638
1699,Gene_1536,0.00031254756340559934
1700,Gene_1877,0.0003125033995811253
1701,Gene_548,0.0003123991064446118
1702,Gene_386,0.0003123431959226213
1703,Gene_460,0.0003122726452460655
1704,Gene_1813,0.0003121168188830286
1705,Gene_277,0.00031210185429398507
1706,Gene_1554,0.00031186957879386835
1707,Gene_608,0.00031173418659418496
1708,Gene_219,0.0003106331763249297
1709,Gene_116,0.00031021151304277695
1710,Gene_974,0.00031013200132616375
1711,Gene_1711,0.00031012493055176845
1712,Gene_1457,0.0003098678084465461
1713,Gene_711,0.0003096498656125761
1714,Gene_971,0.0003096128354193878
1715,Gene_210,0.00030897031229946644
1716,Gene_650,0.00030891393527351127
1717,Gene_193,0.0003086319173090676
1718,Gene_261,0.000308466658785792
1719,Gene_1494,0.0003079146218826094
1720,Gene_1766,0.0003077619359740382
1721,Gene_1806,0.00030771805067881234
1722,Gene_1480,0.0003073402308955921
1723,Gene_229,0.0003071490373105506
1724,Gene_1771,0.00030710605494118953
1725,Gene_317,0.00030686340020139735
1726,Gene_1143,0.0003068100852656511
1727,Gene_746,0.00030650792688261685
1728,Gene_833,0.0003064719867853456
1729,Gene_113,0.00030641425655348275
1730,Gene_1028,0.0003060168570449436
1731,Gene_1601,0.0003057725772936969
1732,Gene_1910,0.00030531923000095206
1733,Gene_1632,0.0003051308622169106
1734,Gene_1564,0.00030508722399010934
1735,Gene_810,0.000304820117316139
1736,Gene_1618,0.0003045836350645233
1737,Gene_972,0.0003038992331046779
1738,Gene_820,0.00030379441990076783
1739,Gene_1505,0.0003035104154230259
1740,Gene_1750,0.0003031638290946411
1741,Gene_164,0.000302823371288106
1742,Gene_680,0.0003028198645012007
1743,Gene_1566,0.0003025970017183712
1744,Gene_1791,0.0003023635101297892
1745,Gene_637,0.00030215558626775653
1746,Gene_1917,0.0003021072467634172
1747,Gene_1104,0.0003020167330556858
1748,Gene_099,0.0003018337129067815
1749,Gene_140,0.0003018203233157831
1750,Gene_531,0.0003015931390645593
1751,Gene_667,0.00030154683627671273
1752,Gene_352,0.0003015428964220216
1753,Gene_1198,0.00030114431970075127
1754,Gene_551,0.0003008968852757406
1755,Gene_776,0.0003008651461115672
1756,Gene_029,0.0003008453235996502
1757,Gene_1787,0.00030079000331194165
1758,Gene_470,0.0003007575587763461
1759,Gene_510,0.0003005171299654714
1760,Gene_1053,0.0003005051022022992
1761,Gene_032,0.00030028414556691253
1762,Gene_323,0.0003002485723254454
1763,Gene_242,0.00030019886130277216
1764,Gene_598,0.00030015438137192765
1765,Gene_1868,0.0003000895843026964
1766,Gene_1206,0.0002994582655437355
1767,Gene_1045,0.0002992199042028575
1768,Gene_1163,0.00029910406589118673
1769,Gene_009,0.0002989952558255378
1770,Gene_410,0.0002988497986629253
1771,Gene_158,0.0002987486956918091
1772,Gene_1504,0.0002983429504269441
1773,Gene_259,0.00029819689972405245
1774,Gene_997,0.00029794817286750647
1775,Gene_121,0.00029784032591049044
1776,Gene_476,0.00029713553185346645
1777,Gene_1541,0.00029691598861610535
1778,Gene_511,0.0002968678285997628
1779,Gene_253,0.00029646895166154306
1780,Gene_1068,0.0002962353228602097
1781,Gene_780,0.0002959694276678949
1782,Gene_828,0.0002954521055664988
1783,Gene_1148,0.00029514924173756484
1784,Gene_360,0.00029494890093772455
1785,Gene_1023,0.00029445285107818314
1786,Gene_731,0.00029436400987772817
1787,Gene_1193,0.0002942216949155027
1788,Gene_1590,0.00029415343506911286
1789,Gene_1739,0.00029402506941402775
1790,Gene_1329,0.00029399944305468964
1791,Gene_1768,0.00029357257813241903
1792,Gene_773,0.0002926553392465803
1793,Gene_371,0.0002924753775721882
1794,Gene_262,0.0002920017775310735
1795,Gene_1155,0.0002915626906178909
1796,Gene_438,0.0002914590733643004
1797,Gene_220,0.00029135024613950446
1798,Gene_1493,0.00029115804396851326
1799,Gene_155,0.0002902890133880061
1800,Gene_862,0.00028985011423636497
1801,Gene_325,0.00028971218159895074
1802,Gene_865,0.0002895786525492814
1803,Gene_1258,0.00028904645740837127
1804,Gene_1943,0.00028887523252798836
1805,Gene_1734,0.0002888248097248218
1806,Gene_553,0.00028859948811325886
1807,Gene_676,0.00028859888292361583
1808,Gene_1389,0.00028845659041165677
1809,Gene_1744,0.0002883342201842479
1810,Gene_1704,0.0002872161959595295
1811,Gene_468,0.000286448558649974
1812,Gene_1706,0.0002864190361470759
1813,Gene_1098,0.00028639397803502625
1814,Gene_354,0.000286177403166149
1815,Gene_363,0.00028610758381402963
1816,Gene_1934,0.0002859433583762165
1817,Gene_1696,0.00028559843640335337
1818,Gene_1945,0.0002847182580996106
1819,Gene_607,0.0002846433501996696
1820,Gene_266,0.00028436958282334853
1821,Gene_097,0.00028418514635349785
1822,Gene_725,0.00028414739317142673
1823,Gene_1825,0.0002833482171350069
1824,Gene_563,0.00028199473396397384
1825,Gene_459,0.00028192900450003244
1826,Gene_1605,0.0002819095624892519
1827,Gene_339,0.0002815735774111145
1828,Gene_1729,0.000281481901009941
1829,Gene_1552,0.00028142915579205323
1830,Gene_238,0.0002809950698026073
1831,Gene_406,0.0002807418056143027
1832,Gene_464,0.00028009615027705666
1833,Gene_1400,0.0002800393337983439
1834,Gene_908,0.00027938516038449756
1835,Gene_831,0.00027926194409501516
1836,Gene_1447,0.0002792244556643873
1837,Gene_1866,0.0002790551158692799
1838,Gene_751,0.00027900398590324267
1839,Gene_1071,0.0002789941777439909
1840,Gene_092,0.00027882269237654804
1841,Gene_901,0.00027880435534193427
1842,Gene_182,0.00027857113782671746
1843,Gene_718,0.00027827244746406985
1844,Gene_130,0.0002778241529023234
1845,Gene_420,0.0002774761135123983
1846,Gene_565,0.00027737565142070075
1847,Gene_1848,0.00027713995792364083
1848,Gene_405,0.0002768703354954224
1849,Gene_818,0.0002766126485357253
1850,Gene_1757,0.0002765331594171972
1851,Gene_034,0.0002760073047558865
1852,Gene_765,0.0002755407298459393
1853,Gene_513,0.0002752991819980302
1854,Gene_1443,0.000273567044119078
1855,Gene_1884,0.00027341583255529673
1856,Gene_1887,0.0002733251414552728
1857,Gene_703,0.00027292996797214356
1858,Gene_286,0.00027224073080319734
1859,Gene_1326,0.0002719363930104077
1860,Gene_1200,0.0002715856340004643
1861,Gene_179,0.00027152599080857044
1862,Gene_684,0.0002709441451626444
1863,Gene_132,0.0002707689752177074
1864,Gene_714,0.0002707459519578726
1865,Gene_1307,0.00027056749238477313
1866,Gene_792,0.0002699949680101942
1867,Gene_805,0.00026992001465697186
1868,Gene_1620,0.00026880466273508755
1869,Gene_1173,0.00026879223392014146
1870,Gene_218,0.00026850888383610287
1871,Gene_488,0.00026785944171917774
1872,Gene_447,0.00026753915157215946
1873,Gene_1909,0.00026735259678241705
1874,Gene_1659,0.0002658686457852595
1875,Gene_1754,0.00026540550813527417
1876,Gene_481,0.0002651217052952642
1877,Gene_1668,0.00026490351551717526
1878,Gene_732,0.0002646115549173671
1879,Gene_181,0.00026400944176440706
1880,Gene_554,0.0002637381343055828
1881,Gene_967,0.00026365835549427215
1882,Gene_108,0.0002635808005083875
1883,Gene_878,0.00026352691511091915
1884,Gene_687,0.0002634772912592627
1885,Gene_1046,0.0002633362969851681
1886,Gene_1038,0.00026287688261067774
1887,Gene_118,0.0002625646996859711
1888,Gene_1745,0.0002623103512957807
1889,Gene_247,0.00026165035635818443
1890,Gene_824,0.00026107098190385626
1891,Gene_1612,0.0002608294611109409
1892,Gene_191,0.0002602706838093603
1893,Gene_1772,0.00026002373618490905
1894,Gene_561,0.00025972297051849445
1895,Gene_1292,0.0002593713030163995
1896,Gene_443,0.00025874515221723004
1897,Gene_141,0.0002587022085279529
1898,Gene_1492,0.0002579046349395441
1899,Gene_215,0.00025784004279526073
1900,Gene_516,0.00025714732796558193
1901,Gene_1350,0.0002569669870627297
1902,Gene_334,0.0002568613296345272
1903,Gene_473,0.0002564671139305682
1904,Gene_444,0.0002564094227887179
1905,Gene_095,0.00025628344998364426
1906,Gene_475,0.00025548048904158396
1907,Gene_349,0.00025459448308266683
1908,Gene_206,0.0002542729651392792
1909,Gene_1333,0.0002533166459561891
1910,Gene_458,0.00025309430261009945
1911,Gene_595,0.0002530935749622471
1912,Gene_1463,0.00025290535774516237
1913,Gene_1058,0.00025256216441911186
1914,Gene_280,0.00025252657648005335
1915,Gene_1303,0.0002521428184796844
1916,Gene_1010,0.00025187960720816514
1917,Gene_1006,0.00025170705711060866
1918,Gene_299,0.0002516528014426161
1919,Gene_826,0.00025117898202930755
1920,Gene_208,0.0002493455486304844
1921,Gene_1267,0.000248415469080641
1922,Gene_1939,0.00024832253606496546
1923,Gene_1018,0.00024544600167778787
1924,Gene_562,0.0002450233919506365
1925,Gene_1899,0.0002450170002608099
1926,Gene_1450,0.0002427466448943206
1927,Gene_1600,0.00024244010221001792
1928,Gene_434,0.00024243267767963428
1929,Gene_282,0.00024160903596234383
1930,Gene_1666,0.00024131848200986079
1931,Gene_1615,0.00024106142246845346
1932,Gene_375,0.00024070295671404701
1933,Gene_010,0.0002389856130154215
1934,Gene_1271,0.00023866649022124506
1935,Gene_088,0.00023832023095225592
1936,Gene_1898,0.00023687700395902918
1937,Gene_1700,0.00023571243588972572
1938,Gene_1913,0.0002356567462425435
1939,Gene_1497,0.00023557270228498738
1940,Gene_1318,0.00023556211534196458
1941,Gene_816,0.00023554499326463682
1942,Gene_839,0.00023485789465960748
1943,Gene_294,0.00023472942063975443
1944,Gene_1682,0.00023367754614311148
1945,Gene_1237,0.0002320667777740101
1946,Gene_1799,0.00023108339400720586
1947,Gene_1508,0.0002304585451448814
1948,Gene_062,0.00022877697144493524
1949,Gene_1490,0.00022800235740797126
1950,Gene_373,0.00022777376974316313
1951,Gene_1658,0.00022698529491448261
1952,Gene_1512,0.0002261878895447936
1953,Gene_059,0.0002256575383102166
1954,Gene_627,0.00022049399527702127
1955,Gene_1343,0.00021917009548700714
1956,Gene_419,0.00021895605616567072
1957,Gene_1019,0.0002185651308701594
1958,Gene_364,0.0002180012090020406
1959,Gene_441,0.000215651619276756
1960,Gene_927,0.00021502183638230667
1961,Gene_675,0.00021383006517939655
1962,Gene_213,0.00021330756530786132
1963,Gene_1780,0.00021321985293493384
1964,Gene_796,0.00021255316566178934
1965,Gene_183,0.00021251775799422805
1966,Gene_721,0.00021069668529574823
1967,Gene_168,0.00021016819384951074
1968,Gene_601,0.00020965277560810905
1969,Gene_1339,0.0002088920009664367
1970,Gene_575,0.00020719354431598786
1971,Gene_1876,0.00020676572454729134
1972,Gene_529,0.00020512303085158545
1973,Gene_1452,0.0002044578369604581
1974,Gene_767,0.00020439314205649106
1975,Gene_1576,0.00020319838997505925
1976,Gene_077,0.00020220777483504165
1977,Gene_144,0.0002013854348377024
1978,Gene_276,0.0001987699363556766
1979,Gene_745,0.00019655379298126157
1980,Gene_1009,0.00019498831384974204
1981,Gene_437,0.00019471305926598316
1982,Gene_328,0.0001939993577200633
1983,Gene_644,0.0001913289712894354
1984,Gene_1281,0.00019103951023094874
1985,Gene_1735,0.00019016494902894518
1986,Gene_1254,0.0001855376546673169
1987,Gene_961,0.00018165062628468156
1988,Gene_288,0.0001797181674338403
1989,Gene_110,0.00017949697531534288
1990,Gene_1707,0.00017632284937244672
1991,Gene_890,0.00017219612492874406
1992,Gene_069,0.0001692250256905726
1993,Gene_1742,0.00016402454293625707
1994,Gene_175,0.0001522238449605153
1995,Gene_930,0.0001517115709956975
1996,Gene_347,0.00015093586498678418
1997,Gene_678,0.0001473199595782437
1998,Gene_781,0.00014614601315830267
1999,Gene_913,0.00014361086704070357
2000,Gene_190,0.0001383803807220007
